216.239.32.21,clscocems.com,8/7/2019 14:52
45.125.13.130,ciscocms.com,8/7/2019 14:52
23.246.252.115,calpines.com,2019-08-07 15:17:04
50.63.202.48,balpine.com,2019-08-07 15:17:07
23.20.239.12,aalpine.com,2019-08-07 15:17:07
184.168.131.241,galpine.com,2019-08-07 15:17:07
176.62.173.241,campine.com,2019-08-07 15:17:09
23.245.234.43,canpine.com,2019-08-07 15:17:09
172.246.230.114,calpane.com,2019-08-07 15:17:12
217.160.123.28,calpina.com,2019-08-07 15:17:14
159.8.210.35,ealpine.com,2019-08-07 15:17:29
159.69.42.212,cal-pine.com,2019-08-07 15:17:31
23.20.239.12,callpine.com,2019-08-07 15:17:45
154.197.168.107,calpie.com,2019-08-07 15:17:48
23.20.239.12,calpin.com,2019-08-07 15:17:48
173.247.254.73,caline.com,2019-08-07 15:17:48
217.160.0.105,capine.com,2019-08-07 15:17:49
194.63.248.47,ccalpine.com,2019-08-07 15:17:50
184.168.221.60,valpine.com,2019-08-07 15:17:50
188.64.184.197,xalpine.com,2019-08-07 15:17:51
192.35.158.42,calline.com,2019-08-07 15:17:51
23.227.38.32,dalpine.com,2019-08-07 15:17:53
18.211.9.206,ca.lpine.com,2019-08-07 15:17:58
40.77.56.174,calpi.ne.com,2019-08-07 15:18:02
69.172.201.153,capline.com,2019-08-07 15:18:03
74.208.236.168,calpnie.com,2019-08-07 15:18:04
138.201.35.194,calpino.com,2019-08-07 15:18:04
199.34.228.71,calpini.com,2019-08-07 15:18:05
